envvar,dbRDA1,dbRDA2
yr_since,0.9751784624321888,0.18776745192979433
plant1,0.8941398704627389,0.36964765832633306
OM,0.2488636522307425,-0.7813925775265833
K,0.8109211734026551,-0.432498036445112
