field_name,dbRDA1,dbRDA2
BBRP1,-0.6464127504049593,-0.5344454512139585
ERRP1,0.6287538005861354,0.1696437152668914
KORP1,-1.3141374779351902,0.8296408414209765
MBRP1,-0.1764198907819189,-1.204108828153204
MHRP1,0.44786964153427056,0.24173127361001315
MHRP2,0.6680391871791125,0.8388096895519789
PHRP1,0.3923074898225499,-0.34127124048269875
