envvar,dbRDA1,dbRDA2
yr_since,-0.9600130901724223,0.2642407343001665
plant1,-0.9317004307535873,0.22562924563066677
OM,0.1815058066893503,0.654135899184981
K,-0.5267022602380289,0.8154502682683064
