field_name,dbRDA1,dbRDA2
BBRP1,-0.42751676946026285,-0.6741601814903091
ERRP1,0.5787525641868374,0.6794735549929352
KORP1,-1.0239952183112309,-0.7857971488572264
MBRP1,-0.8941821543266335,1.3664777740909457
MHRP1,0.6087406263332094,-0.38275744209520673
MHRP2,0.9367486855897633,0.02392786201411154
PHRP1,0.22145226598831735,-0.22716441865524964
