field_name,dbRDA1,dbRDA2
BBRP1,0.5386684508337805,-0.12795932484984351
ERRP1,-0.6747867397573792,-0.1461149422152211
KORP1,1.0570320340588366,1.2525386472206204
MBRP1,0.7290190552298507,-1.0828734491609415
MHRP1,-0.5810312638969216,0.28083839549777123
MHRP2,-0.9634853666116283,0.5198594224139584
PHRP1,-0.1054161698565392,-0.6962887489063444
