field_name,dbRDA1,dbRDA2
BBRP1,0.6522043071922253,0.276415183824978
ERRP1,-0.6495979667166042,0.23759345696977754
KORP1,1.3157563975512454,-0.61562191928794
MBRP1,0.14472022824812447,1.434752546757267
MHRP1,-0.4401472250329941,-0.3479160677538453
MHRP2,-0.6579140652679011,-0.7954289446679399
PHRP1,-0.36502167597409557,-0.1897942558422959
