envvar,dbRDA1,dbRDA2
yr_since,-0.9781562869085652,-0.1695301904408263
plant1,-0.8978037332025118,-0.4116198790221473
OM,-0.24176340667470675,0.882130370799919
