envvar,dbRDA1,dbRDA2
yr_since,0.9801867698370939,0.19622604286982395
plant1,0.9574216350839313,-0.007744386309645805
OM,-0.1473217186431112,0.9624907517921629
