envvar,dbRDA1,dbRDA2
yr_since,-0.9602084294545481,-0.2623480345523054
plant1,-0.9323460868017288,-0.22643708562196904
OM,0.18136555528795345,-0.6509686471400524
K,-0.5275959214441149,-0.8141034495756838
