envvar,dbRDA1,dbRDA2
yr_since,-0.974006098666844,0.16374632551345591
forb,0.9937506795874002,-0.09261464085465673
C4_grass,-0.9002883916501182,0.41053782739040656
