field_name,dbRDA1,dbRDA2
BBRP1,0.721302790116987,0.06201075690809773
ERRP1,-0.2995413761202499,1.5677060173762418
KORP1,1.2536237873212854,-0.29060677893624515
MBRP1,0.14176769225922337,0.18597646931247439
MHRP1,-0.5773679902527007,-0.3828361349101251
MHRP2,-0.8033134585253802,-0.4214046336330545
PHRP1,-0.43647144479916455,-0.7208456961173884
