envvar,dbRDA1,dbRDA2
yr_since,0.9338621162088074,-0.26022728592495437
forb,-0.9667553894249755,0.03179077237756445
C4_grass,0.9949619826078376,-0.051507552743642125
