envvar,dbRDA1,dbRDA2
yr_since,-0.9738667734597816,0.16646631600032452
forb,0.9932555359364854,-0.09624949224624421
C4_grass,-0.8984862014482504,0.4141678646738543
