envvar,dbRDA1,dbRDA2
yr_since,0.9323719710749238,-0.2690228000572733
forb,-0.9663648853235678,0.04093106782680671
C4_grass,0.9947763399890557,-0.0548307481803429
