field_name,dbRDA1,dbRDA2
BBRP1,-0.418051272065289,0.7400275096273911
ERRP1,0.5060711978565389,-0.25880641381825703
KORP1,-1.1747895255004854,0.6461489954344909
MBRP1,-0.7507583712874377,-1.524000897198806
MHRP1,0.5954331020429955,0.13846588889050665
MHRP2,0.9042905764512466,-0.1807162457756521
PHRP1,0.3378042925024316,0.43888116284032735
