field_name,dbRDA1,dbRDA2
BBRP1,-0.3338926418743812,0.7411436923559656
ERRP1,0.9487066139798346,0.38318722347702655
FLRP1,-0.8478921377736889,-0.6194875596473909
FLRP4,-0.6701230245056613,-0.5633091896508559
FLRP5,-0.54663314495376,-0.6993193667901163
KORP1,-0.9046462973871668,0.8463778934034069
MBRP1,0.23880873883339235,1.2954749572810147
MHRP1,0.6934618017677977,-0.36397031560824067
MHRP2,0.8220225684969182,-0.8590009782262226
PHRP1,0.6001875234167152,-0.16109635659459262
