envvar,dbRDA1,dbRDA2
yr_since,-0.9936545742001195,-0.06774153363189811
plant1,0.8189560584366776,0.3696115863717726
OM,-0.7514566018927291,-0.5688693237696478
K,-0.8991856412732651,-0.4260516151382648
