field_name,dbRDA1,dbRDA2
BBRP1,-0.07153748572327372,0.2208682312290677
ERRP1,0.8982306008690724,-0.03941743989816514
FLRP1,-0.9450422381372653,-0.5529871022192805
FLRP4,-0.949459813639318,-0.3789403039971797
FLRP5,-0.8036151935421137,-0.6191525336289472
KORP1,-0.47347767299658244,0.685984445587337
MBRP1,0.012044882455517467,1.8714236326348805
MHRP1,0.8644848364529323,-0.4638878789855323
MHRP2,1.0376921042318092,-0.6185049253944244
PHRP1,0.43067998002922014,-0.10538612532775833
