envvar,dbRDA1,dbRDA2
yr_since,-0.9493667375082641,-0.16849892820486537
plant1,0.6712373126409901,0.5659687696131306
OM,-0.6958332066133744,-0.6600134806897694
K,-0.8347504843263678,-0.5178501417826543
