envvar,dbRDA1,dbRDA2
yr_since,0.9522419762785974,0.11826358397248796
forb,-0.9011011460733875,-0.3131805305479821
C4_grass,0.9325261107382996,-0.06334514571191507
