field_name,dbRDA1,dbRDA2
BBRP1,0.8958962218671731,0.6918574272347802
ERRP1,-0.5015520750677699,-0.5084569444469778
FGRP1,9.833752724743579e-17,1.1983586473432833e-16
KORP1,1.7280999770486958,-0.607149195955783
LPRP1,-0.12545186511155612,-0.32741728581769025
LPRP2,0.1254518651115557,0.3274172858176904
MBRP1,-0.36567176704238963,-0.8626743499105326
MHRP1,-0.46739221056698077,0.01227181323539015
MHRP2,-0.9099554502478553,-0.49044174180011385
PHRP1,-0.3794246959908728,1.7645929916432372
