envvar,dbRDA1,dbRDA2
yr_since,0.7758966804673694,-0.07641852009851176
forb,-0.847885566731061,0.18372740843820326
C4_grass,0.9240670271772012,-0.007251500660407162
