field_key,ppt_mm
1,971.5178833
2,963.9922485
3,937.4018555
4,937.4018555
5,940.3811646
6,983.2160645
7,990.9849854
8,983.2160645
9,985.9480591
10,985.9480591
11,985.9480591
12,985.9480591
13,990.9849854
14,985.9480591
15,971.5025635
16,978.6622925
17,978.6622925
18,978.6622925
19,978.6622925
20,980.2168579
21,980.2168579
22,957.182373
23,957.182373
24,975.784668
25,975.784668